{"cameraMode":{"drawMode":0,"name":"Shaded","section":"Shading Mode"},"sceneLighting":false,"audioPlay":false,"sceneViewState":{"showFog":true,"showMaterialUpdate":false,"showSkybox":false,"showFlares":true,"showImageEffects":true,"showParticleSystems":true},"in2DMode":false,"pivot":{"x":-0.2935999929904938,"y":0.3922789990901947,"z":-0.008603990077972412},"rotation":{"x":0.09915617853403092,"y":-0.8621143698692322,"z":0.18543823063373567,"w":0.46102020144462588},"size":1.7009514570236207,"orthographic":false}