{"cameraMode":{"drawMode":0,"name":"Shaded","section":"Shading Mode"},"sceneLighting":true,"audioPlay":false,"sceneViewState":{"showFog":true,"showMaterialUpdate":false,"showSkybox":true,"showFlares":true,"showImageEffects":true,"showParticleSystems":true},"in2DMode":false,"pivot":{"x":20.255455017089845,"y":-58.176513671875,"z":-52.81639099121094},"rotation":{"x":-0.2883330285549164,"y":0.7075761556625366,"z":-0.4087217450141907,"w":-0.49917054176330569},"size":386.8892517089844,"orthographic":false}