{"cameraMode":{"drawMode":0,"name":"Shaded","section":"Shading Mode"},"sceneLighting":false,"audioPlay":false,"sceneViewState":{"showFog":true,"showMaterialUpdate":false,"showSkybox":false,"showFlares":true,"showImageEffects":true,"showParticleSystems":true},"in2DMode":false,"pivot":{"x":-2.0123000144958498,"y":0.5072008967399597,"z":0.2632984519004822},"rotation":{"x":-0.07966295629739762,"y":0.8692716360092163,"z":-0.14908409118652345,"w":-0.46453702449798586},"size":6.8999128341674809,"orthographic":false}