{"cameraMode":{"drawMode":0,"name":"Shaded","section":"Shading Mode"},"sceneLighting":false,"audioPlay":false,"sceneViewState":{"showFog":true,"showMaterialUpdate":false,"showSkybox":false,"showFlares":true,"showImageEffects":true,"showParticleSystems":true},"in2DMode":false,"pivot":{"x":0.0,"y":-0.0002500005066394806,"z":0.0002500005066394806},"rotation":{"x":-0.015383251011371613,"y":0.9129301309585571,"z":-0.03457581624388695,"w":-0.4063575565814972},"size":4.720580101013184,"orthographic":false}