{"cameraMode":{"drawMode":0,"name":"Shaded","section":"Shading Mode"},"sceneLighting":false,"audioPlay":false,"sceneViewState":{"showFog":true,"showMaterialUpdate":false,"showSkybox":false,"showFlares":true,"showImageEffects":true,"showParticleSystems":true},"in2DMode":false,"pivot":{"x":-0.2583116590976715,"y":-0.5116997361183167,"z":0.4912223219871521},"rotation":{"x":0.15844810009002686,"y":-0.28497105836868288,"z":0.047833070158958438,"w":0.9441386461257935},"size":4.975017547607422,"orthographic":false}