{"cameraMode":{"drawMode":0,"name":"Shaded","section":"Shading Mode"},"sceneLighting":false,"audioPlay":false,"sceneViewState":{"showFog":true,"showMaterialUpdate":false,"showSkybox":false,"showFlares":true,"showImageEffects":true,"showParticleSystems":true},"in2DMode":false,"pivot":{"x":0.012506663799285889,"y":1.2568273544311524,"z":-0.7522245645523071},"rotation":{"x":0.1577206254005432,"y":-0.6770015358924866,"z":0.1519670933485031,"w":0.7026373744010925},"size":4.846044063568115,"orthographic":false}