{"cameraMode":{"drawMode":0,"name":"Shaded","section":"Shading Mode"},"sceneLighting":false,"audioPlay":false,"sceneViewState":{"showFog":true,"showMaterialUpdate":false,"showSkybox":false,"showFlares":true,"showImageEffects":true,"showParticleSystems":true},"in2DMode":false,"pivot":{"x":-2.008648157119751,"y":0.4451802968978882,"z":0.024778690189123155},"rotation":{"x":-0.08004605025053024,"y":0.9125833511352539,"z":-0.21642166376113892,"w":-0.33755868673324587},"size":6.183365345001221,"orthographic":false}