{"cameraMode":{"drawMode":0,"name":"Shaded","section":"Shading Mode"},"sceneLighting":false,"audioPlay":false,"sceneViewState":{"showFog":true,"showMaterialUpdate":false,"showSkybox":false,"showFlares":true,"showImageEffects":true,"showParticleSystems":true},"in2DMode":false,"pivot":{"x":-3.2334823608398439,"y":0.7371418476104736,"z":-2.298064708709717},"rotation":{"x":0.12657703459262849,"y":-0.7023168802261353,"z":0.12911450862884522,"w":0.6885191798210144},"size":8.106857299804688,"orthographic":false}