{"cameraMode":{"drawMode":0,"name":"Shaded","section":"Shading Mode"},"sceneLighting":false,"audioPlay":false,"sceneViewState":{"showFog":true,"showMaterialUpdate":false,"showSkybox":false,"showFlares":true,"showImageEffects":true,"showParticleSystems":true},"in2DMode":false,"pivot":{"x":2.717207670211792,"y":-2.1233599185943605,"z":-3.8906662464141847},"rotation":{"x":0.09384673088788986,"y":0.9044811725616455,"z":-0.26384130120277407,"w":0.3217056095600128},"size":10.435554504394532,"orthographic":false}