{"cameraMode":{"drawMode":0,"name":"Shaded","section":"Shading Mode"},"sceneLighting":false,"audioPlay":false,"sceneViewState":{"showFog":true,"showMaterialUpdate":false,"showSkybox":false,"showFlares":true,"showImageEffects":true,"showParticleSystems":true},"in2DMode":false,"pivot":{"x":-0.10182338953018189,"y":0.4233750104904175,"z":0.6252540349960327},"rotation":{"x":0.09915617853403092,"y":-0.8621143698692322,"z":0.18543823063373567,"w":0.46102020144462588},"size":0.8683217763900757,"orthographic":false}