{"cameraMode":{"drawMode":0,"name":"Shaded","section":"Shading Mode"},"sceneLighting":false,"audioPlay":false,"sceneViewState":{"showFog":true,"showMaterialUpdate":false,"showSkybox":false,"showFlares":true,"showImageEffects":true,"showParticleSystems":true},"in2DMode":false,"pivot":{"x":0.28306055068969729,"y":1.074300765991211,"z":-0.9483225345611572},"rotation":{"x":-0.13921748101711274,"y":0.5589640736579895,"z":-0.09586816281080246,"w":-0.8117800951004028},"size":7.012334823608398,"orthographic":false}