{"cameraMode":{"drawMode":0,"name":"Shaded","section":"Shading Mode"},"sceneLighting":false,"audioPlay":false,"sceneViewState":{"showFog":true,"showMaterialUpdate":false,"showSkybox":false,"showFlares":true,"showImageEffects":true,"showParticleSystems":true},"in2DMode":false,"pivot":{"x":-2.0203778743743898,"y":0.5282567739486694,"z":0.38240838050842287},"rotation":{"x":-0.08004605025053024,"y":0.9125833511352539,"z":-0.21642166376113892,"w":-0.33755868673324587},"size":6.520062446594238,"orthographic":false}