{"cameraMode":{"drawMode":0,"name":"Shaded","section":"Shading Mode"},"sceneLighting":false,"audioPlay":false,"sceneViewState":{"showFog":true,"showMaterialUpdate":false,"showSkybox":false,"showFlares":true,"showImageEffects":true,"showParticleSystems":true},"in2DMode":false,"pivot":{"x":-0.615090012550354,"y":0.3188304007053375,"z":0.1551954597234726},"rotation":{"x":-0.08004605025053024,"y":0.9125833511352539,"z":-0.21642166376113892,"w":-0.33755868673324587},"size":1.5399657487869263,"orthographic":false}