{"cameraMode":{"drawMode":0,"name":"Shaded","section":"Shading Mode"},"sceneLighting":false,"audioPlay":false,"sceneViewState":{"showFog":true,"showMaterialUpdate":false,"showSkybox":false,"showFlares":true,"showImageEffects":true,"showParticleSystems":true},"in2DMode":false,"pivot":{"x":0.018969997763633729,"y":-0.020307034254074098,"z":-0.000020284205675125122},"rotation":{"x":-0.015383251011371613,"y":0.9129301309585571,"z":-0.03457581624388695,"w":-0.4063575565814972},"size":0.33673056960105898,"orthographic":false}