{"cameraMode":{"drawMode":0,"name":"Shaded","section":"Shading Mode"},"sceneLighting":false,"audioPlay":false,"sceneViewState":{"showFog":true,"showMaterialUpdate":false,"showSkybox":false,"showFlares":true,"showImageEffects":true,"showParticleSystems":true},"in2DMode":false,"pivot":{"x":-1.301060676574707,"y":1.435356616973877,"z":-1.0181307792663575},"rotation":{"x":0.09424912184476853,"y":0.8460149765014648,"z":-0.15948538482189179,"w":0.4999402165412903},"size":8.290343284606934,"orthographic":false}