{"cameraMode":{"drawMode":0,"name":"Shaded","section":"Shading Mode"},"sceneLighting":false,"audioPlay":false,"sceneViewState":{"showFog":true,"showMaterialUpdate":false,"showSkybox":false,"showFlares":true,"showImageEffects":true,"showParticleSystems":true},"in2DMode":false,"pivot":{"x":-0.25483933091163638,"y":0.35044053196907046,"z":-0.0043194591999053959},"rotation":{"x":0.09915617853403092,"y":-0.8621143698692322,"z":0.18543823063373567,"w":0.46102020144462588},"size":1.517141342163086,"orthographic":false}