{"cameraMode":{"drawMode":0,"name":"Shaded","section":"Shading Mode"},"sceneLighting":false,"audioPlay":false,"sceneViewState":{"showFog":true,"showMaterialUpdate":false,"showSkybox":false,"showFlares":true,"showImageEffects":true,"showParticleSystems":true},"in2DMode":false,"pivot":{"x":-15.199660301208496,"y":3.425910234451294,"z":-22.3679141998291},"rotation":{"x":-0.005971096456050873,"y":0.9939700961112976,"z":-0.08251867443323136,"w":-0.07196135073900223},"size":8.196321487426758,"orthographic":false}