{"cameraMode":{"drawMode":0,"name":"Shaded","section":"Shading Mode"},"sceneLighting":false,"audioPlay":false,"sceneViewState":{"showFog":true,"showMaterialUpdate":false,"showSkybox":false,"showFlares":true,"showImageEffects":true,"showParticleSystems":true},"in2DMode":false,"pivot":{"x":-0.9803286790847778,"y":2.886842966079712,"z":-0.6160419583320618},"rotation":{"x":0.07673905044794083,"y":-0.735002875328064,"z":0.08438630402088165,"w":0.6684017181396484},"size":8.180591583251954,"orthographic":false}