{"cameraMode":{"drawMode":0,"name":"Shaded","section":"Shading Mode"},"sceneLighting":false,"audioPlay":false,"sceneViewState":{"showFog":true,"showMaterialUpdate":false,"showSkybox":false,"showFlares":true,"showImageEffects":true,"showParticleSystems":true},"in2DMode":false,"pivot":{"x":6.000002861022949,"y":7.43804931640625,"z":3.6250007152557375},"rotation":{"x":-0.1527119129896164,"y":-0.795650064945221,"z":0.22435110807418824,"w":-0.5415595173835754},"size":36.91789245605469,"orthographic":false}