{"cameraMode":{"drawMode":0,"name":"Shaded","section":"Shading Mode"},"sceneLighting":false,"audioPlay":false,"sceneViewState":{"showFog":true,"showMaterialUpdate":false,"showSkybox":false,"showFlares":true,"showImageEffects":true,"showParticleSystems":true},"in2DMode":false,"pivot":{"x":-1.1305334568023682,"y":1.4194238185882569,"z":-0.751657247543335},"rotation":{"x":0.09424912184476853,"y":0.8460149765014648,"z":-0.15948538482189179,"w":0.4999402165412903},"size":7.489174842834473,"orthographic":false}