{"cameraMode":{"drawMode":0,"name":"Shaded","section":"Shading Mode"},"sceneLighting":false,"audioPlay":false,"sceneViewState":{"showFog":true,"showMaterialUpdate":false,"showSkybox":false,"showFlares":true,"showImageEffects":true,"showParticleSystems":true},"in2DMode":false,"pivot":{"x":-0.19766971468925477,"y":4.394643783569336,"z":-10.281797409057618},"rotation":{"x":0.010717187076807022,"y":-0.934945821762085,"z":0.028347376734018327,"w":0.35349392890930178},"size":35.577415466308597,"orthographic":false}